lpa_name,gss_code,system,domains,portal_base_url,example_application_url,notes
"Bristol, City of",E06000023,idox,pa.bristol.gov.uk,https://pa.bristol.gov.uk/online-applications/,https://pa.bristol.gov.uk/online-applications/applicationDetails.do?activeTab=documents&keyVal=TCROBUDNMGT00,Confirmed working IDOX South West
South Gloucestershire,E06000025,idox,developments.southglos.gov.uk,https://developments.southglos.gov.uk/online-applications/,https://developments.southglos.gov.uk/online-applications/applicationDetails.do?activeTab=documents&keyVal=T3XET2OKJUV00,Confirmed working IDOX South West
North Somerset,E06000024,idox,planning.n-somerset.gov.uk,https://planning.n-somerset.gov.uk/online-applications/,https://planning.n-somerset.gov.uk/online-applications/applicationDetails.do?activeTab=documents&keyVal=SK0MJMLPKYI00,Confirmed working IDOX South West; has extra Measure column
Plymouth,E06000026,idox,planning.plymouth.gov.uk,https://planning.plymouth.gov.uk/online-applications/,https://planning.plymouth.gov.uk/online-applications/applicationDetails.do?activeTab=documents&keyVal=TEVAJ5MMJBG00,SW England IDOX quick-win (added 2026-06-28)
East Devon,E07000040,idox,planning.eastdevon.gov.uk,https://planning.eastdevon.gov.uk/online-applications/,https://planning.eastdevon.gov.uk/online-applications/applicationDetails.do?activeTab=documents&keyVal=TD9UAVGH09100,SW England IDOX quick-win (added 2026-06-28)
Mid Devon,E07000042,idox,planning.middevon.gov.uk,https://planning.middevon.gov.uk/online-applications/,https://planning.middevon.gov.uk/online-applications/applicationDetails.do?activeTab=documents&keyVal=T8UJREKS07T00,SW England IDOX quick-win (added 2026-06-28)
Cheltenham,E07000078,idox,publicaccess.cheltenham.gov.uk,https://publicaccess.cheltenham.gov.uk/online-applications/,https://publicaccess.cheltenham.gov.uk/online-applications/applicationDetails.do?activeTab=documents&keyVal=TACJ0JEL08300,SW England IDOX quick-win (added 2026-06-28)
Tewkesbury,E07000083,idox,publicaccess.tewkesbury.gov.uk,https://publicaccess.tewkesbury.gov.uk/online-applications/,https://publicaccess.tewkesbury.gov.uk/online-applications/applicationDetails.do?activeTab=documents&keyVal=SVU2TBQDM9I00,SW England IDOX quick-win (added 2026-06-28)
Stroud,E07000082,idox,publicaccess.stroud.gov.uk,https://publicaccess.stroud.gov.uk/online-applications/,https://publicaccess.stroud.gov.uk/online-applications/applicationDetails.do?activeTab=documents&keyVal=TH6Z7DPNI4P00,SW England IDOX quick-win (added 2026-06-28)
Forest of Dean,E07000080,idox,publicaccess.fdean.gov.uk,https://publicaccess.fdean.gov.uk/online-applications/,https://publicaccess.fdean.gov.uk/online-applications/applicationDetails.do?activeTab=documents&keyVal=RZ4IJOHIMWB00,SW England IDOX quick-win (added 2026-06-28)
Gloucester,E07000081,idox,publicaccess.gloucester.gov.uk,https://publicaccess.gloucester.gov.uk/online-applications/,https://publicaccess.gloucester.gov.uk/online-applications/applicationDetails.do?activeTab=documents&keyVal=T31RXOHMHON00,SW England IDOX quick-win (added 2026-06-28)
Teignbridge,E07000045,idox,publicaccess.teignbridge.gov.uk,https://publicaccess.teignbridge.gov.uk/online-applications/,https://publicaccess.teignbridge.gov.uk/online-applications/applicationDetails.do?activeTab=documents&keyVal=T6SUPAPZGMV00,SW England IDOX quick-win (added 2026-06-28)
Cornwall,E06000052,idox,planning.cornwall.gov.uk,https://planning.cornwall.gov.uk/online-applications/,https://planning.cornwall.gov.uk/online-applications/applicationDetails.do?activeTab=documents&keyVal=TGVH8VFGJID00,SW England IDOX (added 2026-06-28)
Cotswold,E07000079,idox,publicaccess.cotswold.gov.uk,https://publicaccess.cotswold.gov.uk/online-applications/,https://publicaccess.cotswold.gov.uk/online-applications/applicationDetails.do?activeTab=documents&keyVal=TFP4VQFIJSR00,SW England IDOX (added 2026-06-28)
West Oxfordshire,E07000181,idox,publicaccess.westoxon.gov.uk,https://publicaccess.westoxon.gov.uk/online-applications/,https://publicaccess.westoxon.gov.uk/online-applications/applicationDetails.do?activeTab=documents&keyVal=TBN6SRRKLDM00,Oxford-area IDOX (added 2026-06-28)
Buckinghamshire,E06000060,idox,publicaccess.buckinghamshire.gov.uk,https://publicaccess.buckinghamshire.gov.uk/online-applications/,https://publicaccess.buckinghamshire.gov.uk/online-applications/applicationDetails.do?activeTab=documents&keyVal=TCX7C8ES0YB00,Oxford-area IDOX (added 2026-06-28)
Bromsgrove,E07000234,idox,publicaccess.bromsgroveandredditch.gov.uk,https://publicaccess.bromsgroveandredditch.gov.uk/online-applications/,https://publicaccess.bromsgroveandredditch.gov.uk/online-applications/applicationDetails.do?activeTab=documents&keyVal=TF2XIMSEKMC00,Birmingham-area IDOX; shared Bromsgrove/Redditch portal (added 2026-06-28)
Redditch,E07000236,idox,publicaccess.bromsgroveandredditch.gov.uk,https://publicaccess.bromsgroveandredditch.gov.uk/online-applications/,https://publicaccess.bromsgroveandredditch.gov.uk/online-applications/applicationDetails.do?activeTab=documents&keyVal=TF2XIMSEKMC00,Birmingham-area IDOX; shared Bromsgrove/Redditch portal (added 2026-06-28)
West Berkshire,E06000037,idox,publicaccess.westberks.gov.uk,https://publicaccess.westberks.gov.uk/online-applications/,https://publicaccess.westberks.gov.uk/online-applications/applicationDetails.do?activeTab=documents&keyVal=T8QP6VRDG6E00,auto-harvested 2026-06-28 (6 docs)
Windsor and Maidenhead,E06000040,idox,publicaccess.rbwm.gov.uk,https://publicaccess.rbwm.gov.uk/online-applications/,https://publicaccess.rbwm.gov.uk/online-applications/applicationDetails.do?activeTab=documents&keyVal=TCRIP4NIN2Y00,auto-harvested 2026-06-28 (10 docs)
Wolverhampton,E08000031,idox,planningonline.wolverhampton.gov.uk,https://planningonline.wolverhampton.gov.uk/online-applications/,https://planningonline.wolverhampton.gov.uk/online-applications/applicationDetails.do?activeTab=documents&keyVal=T1A65JRWHB500,auto-harvested 2026-06-28 (3 docs)
Barnet,E09000003,idox,publicaccess.barnet.gov.uk,https://publicaccess.barnet.gov.uk/online-applications/,https://publicaccess.barnet.gov.uk/online-applications/applicationDetails.do?activeTab=documents&keyVal=TH4MDZJIJ2400,auto-harvested 2026-06-29 (3 docs)
Bassetlaw,E07000171,idox,publicaccess.bassetlaw.gov.uk,https://publicaccess.bassetlaw.gov.uk/online-applications/,https://publicaccess.bassetlaw.gov.uk/online-applications/applicationDetails.do?activeTab=documents&keyVal=SJ1DPTCSFFV00,auto-harvested 2026-06-29 (5 docs)
Bexley,E09000004,idox,pa.bexley.gov.uk,https://pa.bexley.gov.uk/online-applications/,https://pa.bexley.gov.uk/online-applications/applicationDetails.do?activeTab=documents&keyVal=T8L7YWBE11I00,auto-harvested 2026-06-29 (1 docs)
Blaby,E07000129,idox,pa.blaby.gov.uk,https://pa.blaby.gov.uk/online-applications/,https://pa.blaby.gov.uk/online-applications/applicationDetails.do?activeTab=documents&keyVal=SJYQ6YCY00D00,auto-harvested 2026-06-29 (20 docs)
Bradford,E08000032,idox,planning.bradford.gov.uk,https://planning.bradford.gov.uk/online-applications/,https://planning.bradford.gov.uk/online-applications/applicationDetails.do?activeTab=documents&keyVal=TB9NTGDH0IL00,auto-harvested 2026-06-29 (8 docs)
Brentwood,E07000068,idox,publicaccess.brentwood.gov.uk,https://publicaccess.brentwood.gov.uk/online-applications/,https://publicaccess.brentwood.gov.uk/online-applications/applicationDetails.do?activeTab=documents&keyVal=TDSD3MDJLEA00,auto-harvested 2026-06-29 (4 docs)
Chesterfield,E07000034,idox,publicaccess.chesterfield.gov.uk,https://publicaccess.chesterfield.gov.uk/online-applications/,https://publicaccess.chesterfield.gov.uk/online-applications/applicationDetails.do?activeTab=documents&keyVal=SMKZ8WEP05F00,auto-harvested 2026-06-29 (10 docs)
Chichester,E07000225,idox,publicaccess.chichester.gov.uk,https://publicaccess.chichester.gov.uk/online-applications/,https://publicaccess.chichester.gov.uk/online-applications/applicationDetails.do?activeTab=documents&keyVal=T8WHQIER0ZU00,auto-harvested 2026-06-29 (4 docs)
Dartford,E07000107,idox,publicaccess.dartford.gov.uk,https://publicaccess.dartford.gov.uk/online-applications/,https://publicaccess.dartford.gov.uk/online-applications/applicationDetails.do?activeTab=documents&keyVal=SX0FF1BQGVX00,auto-harvested 2026-06-29 (4 docs)
Dover,E07000108,idox,publicaccess.dover.gov.uk,https://publicaccess.dover.gov.uk/online-applications/,https://publicaccess.dover.gov.uk/online-applications/applicationDetails.do?activeTab=documents&keyVal=TDJ9C0FZIG400,auto-harvested 2026-06-29 (6 docs)
East Suffolk,E07000244,idox,publicaccess.eastsuffolk.gov.uk,https://publicaccess.eastsuffolk.gov.uk/online-applications/,https://publicaccess.eastsuffolk.gov.uk/online-applications/applicationDetails.do?activeTab=documents&keyVal=TFZUB5QXJ3W00,auto-harvested 2026-06-29 (5 docs)
Gosport,E07000088,idox,publicaccess.gosport.gov.uk,https://publicaccess.gosport.gov.uk/online-applications/,https://publicaccess.gosport.gov.uk/online-applications/applicationDetails.do?activeTab=documents&keyVal=SL6MF6HOM0T00,auto-harvested 2026-06-29 (19 docs)
Hart,E07000089,idox,publicaccess.hart.gov.uk,https://publicaccess.hart.gov.uk/online-applications/,https://publicaccess.hart.gov.uk/online-applications/applicationDetails.do?activeTab=documents&keyVal=TG43PHHZJZ900,auto-harvested 2026-06-29 (7 docs)
Lambeth,E09000022,idox,planning.lambeth.gov.uk,https://planning.lambeth.gov.uk/online-applications/,https://planning.lambeth.gov.uk/online-applications/applicationDetails.do?activeTab=documents&keyVal=TGOIBSBOIBZ00,auto-harvested 2026-06-29 (3 docs)
Lancaster,E07000121,idox,planning.lancaster.gov.uk,https://planning.lancaster.gov.uk/online-applications/,https://planning.lancaster.gov.uk/online-applications/applicationDetails.do?activeTab=documents&keyVal=SQFY9GIZMHP00,auto-harvested 2026-06-29 (2 docs)
Luton,E06000032,idox,planning.luton.gov.uk,https://planning.luton.gov.uk/online-applications/,https://planning.luton.gov.uk/online-applications/applicationDetails.do?activeTab=documents&keyVal=TGGPJTKGHIA00,auto-harvested 2026-06-29 (2 docs)
Mansfield,E07000174,idox,planning.mansfield.gov.uk,https://planning.mansfield.gov.uk/online-applications/,https://planning.mansfield.gov.uk/online-applications/applicationDetails.do?activeTab=documents&keyVal=TH54BLKMMK800,auto-harvested 2026-06-29 (4 docs)
Melton,E07000133,idox,pa.melton.gov.uk,https://pa.melton.gov.uk/online-applications/,https://pa.melton.gov.uk/online-applications/applicationDetails.do?activeTab=documents&keyVal=SXA87LKOKA800,auto-harvested 2026-06-29 (4 docs)
Newham,E09000025,idox,pa.newham.gov.uk,https://pa.newham.gov.uk/online-applications/,https://pa.newham.gov.uk/online-applications/applicationDetails.do?activeTab=documents&keyVal=TH1M2VJYLTU00,auto-harvested 2026-06-29 (3 docs)
Northumberland,E06000057,idox,publicaccess.northumberland.gov.uk,https://publicaccess.northumberland.gov.uk/online-applications/,https://publicaccess.northumberland.gov.uk/online-applications/applicationDetails.do?activeTab=documents&keyVal=TGBBDHQSMG000,auto-harvested 2026-06-29 (9 docs)
Norwich,E07000148,idox,planning.norwich.gov.uk,https://planning.norwich.gov.uk/online-applications/,https://planning.norwich.gov.uk/online-applications/applicationDetails.do?activeTab=documents&keyVal=T442OFLX0XK00,auto-harvested 2026-06-29 (3 docs)
Pendle,E07000122,idox,publicaccess.pendle.gov.uk,https://publicaccess.pendle.gov.uk/online-applications/,https://publicaccess.pendle.gov.uk/online-applications/applicationDetails.do?activeTab=documents&keyVal=SRK65OMIHKD00,auto-harvested 2026-06-29 (4 docs)
Rossendale,E07000125,idox,publicaccess.rossendale.gov.uk,https://publicaccess.rossendale.gov.uk/online-applications/,https://publicaccess.rossendale.gov.uk/online-applications/applicationDetails.do?activeTab=documents&keyVal=TGRUWXND05V00,auto-harvested 2026-06-29 (14 docs)
Rushmoor,E07000092,idox,publicaccess.rushmoor.gov.uk,https://publicaccess.rushmoor.gov.uk/online-applications/,https://publicaccess.rushmoor.gov.uk/online-applications/applicationDetails.do?activeTab=documents&keyVal=TH4GPINMKFN00,auto-harvested 2026-06-29 (4 docs)
Sevenoaks,E07000111,idox,pa.sevenoaks.gov.uk,https://pa.sevenoaks.gov.uk/online-applications/,https://pa.sevenoaks.gov.uk/online-applications/applicationDetails.do?activeTab=documents&keyVal=TH58X1BKGK800,auto-harvested 2026-06-29 (13 docs)
Shropshire,E06000051,idox,pa.shropshire.gov.uk,https://pa.shropshire.gov.uk/online-applications/,https://pa.shropshire.gov.uk/online-applications/applicationDetails.do?activeTab=documents&keyVal=TG9WR4TDJ1900,auto-harvested 2026-06-29 (11 docs)
Southwark,E09000028,idox,planning.southwark.gov.uk,https://planning.southwark.gov.uk/online-applications/,https://planning.southwark.gov.uk/online-applications/applicationDetails.do?activeTab=documents&keyVal=TH3EK7KBHBT00,auto-harvested 2026-06-29 (4 docs)
Stevenage,E07000243,idox,publicaccess.stevenage.gov.uk,https://publicaccess.stevenage.gov.uk/online-applications/,https://publicaccess.stevenage.gov.uk/online-applications/applicationDetails.do?activeTab=documents&keyVal=RFBR4LPHMVZ00,auto-harvested 2026-06-29 (7 docs)
Thanet,E07000114,idox,planning.thanet.gov.uk,https://planning.thanet.gov.uk/online-applications/,https://planning.thanet.gov.uk/online-applications/applicationDetails.do?activeTab=documents&keyVal=SO0NW0QEN3N00,auto-harvested 2026-06-29 (5 docs)
Trafford,E08000009,idox,pa.trafford.gov.uk,https://pa.trafford.gov.uk/online-applications/,https://pa.trafford.gov.uk/online-applications/applicationDetails.do?activeTab=documents&keyVal=TEB5PLQL00Y00,auto-harvested 2026-06-29 (1 docs)
Uttlesford,E07000077,idox,publicaccess.uttlesford.gov.uk,https://publicaccess.uttlesford.gov.uk/online-applications/,https://publicaccess.uttlesford.gov.uk/online-applications/applicationDetails.do?activeTab=documents&keyVal=TFC30YQN0KN00,auto-harvested 2026-06-29 (79 docs)
Wakefield,E08000036,idox,planning.wakefield.gov.uk,https://planning.wakefield.gov.uk/online-applications/,https://planning.wakefield.gov.uk/online-applications/applicationDetails.do?activeTab=documents&keyVal=TFFLTFQQK4U00,auto-harvested 2026-06-29 (15 docs)
West Suffolk,E07000245,idox,planning.westsuffolk.gov.uk,https://planning.westsuffolk.gov.uk/online-applications/,https://planning.westsuffolk.gov.uk/online-applications/applicationDetails.do?activeTab=documents&keyVal=T7KTTLPDHEC00,auto-harvested 2026-06-29 (10 docs)
Wyre,E07000128,idox,publicaccess.wyre.gov.uk,https://publicaccess.wyre.gov.uk/online-applications/,https://publicaccess.wyre.gov.uk/online-applications/applicationDetails.do?activeTab=documents&keyVal=SGI61TSD09P00,auto-harvested 2026-06-29 (4 docs)
Runnymede,E07000212,northgate,docs.runnymede.gov.uk,https://docs.runnymede.gov.uk/PublicAccess_LIVE/,https://docs.runnymede.gov.uk/PublicAccess_LIVE/SearchResult/RunThirdPartySearch?FileSystemId=PL&FOLDER1_REF=RU.24/1388,First Northgate/NEC PublicAccess council (added 2026-06-29)
Canterbury,E07000106,idox,pa.canterbury.gov.uk,https://pa.canterbury.gov.uk/online-applications/,https://pa.canterbury.gov.uk/online-applications/applicationDetails.do?activeTab=documents&keyVal=T5AP1KEAJNG00,auto-harvested 2026-06-30 (6 docs)
Chorley,E07000118,idox,planning.chorley.gov.uk,https://planning.chorley.gov.uk/online-applications/,https://planning.chorley.gov.uk/online-applications/applicationDetails.do?activeTab=documents&keyVal=SNKKQIETJXQ00,auto-harvested 2026-06-30 (5 docs)
Leeds,E08000035,idox,publicaccess.leeds.gov.uk,https://publicaccess.leeds.gov.uk/online-applications/,https://publicaccess.leeds.gov.uk/online-applications/applicationDetails.do?activeTab=documents&keyVal=TDJAVZJBK9X00,auto-harvested 2026-06-30 (9 docs)
Epsom and Ewell,E07000208,idox,eplanning.epsom-ewell.gov.uk,https://eplanning.epsom-ewell.gov.uk/online-applications/,https://eplanning.epsom-ewell.gov.uk/online-applications/applicationDetails.do?activeTab=documents&keyVal=TEQ4G9GYJR200,auto-harvested 2026-07-01 (18 docs)
Tendring,E07000076,idox,idox.tendringdc.gov.uk,https://idox.tendringdc.gov.uk/online-applications/,https://idox.tendringdc.gov.uk/online-applications/applicationDetails.do?activeTab=documents&keyVal=SG5GR3QB0OT00,auto-harvested 2026-07-01 (9 docs)
North Norfolk,E07000147,idox,idoxpa.north-norfolk.gov.uk,https://idoxpa.north-norfolk.gov.uk/online-applications/,https://idoxpa.north-norfolk.gov.uk/online-applications/applicationDetails.do?activeTab=documents&keyVal=TE7HEALN03Y00,auto-harvested 2026-07-01 (2 docs)
King’s Lynn and West Norfolk,E07000146,idox,online.west-norfolk.gov.uk,https://online.west-norfolk.gov.uk/online-applications/,https://online.west-norfolk.gov.uk/online-applications/applicationDetails.do?activeTab=documents&keyVal=SQSX4AIV0L800,auto-harvested 2026-07-01 (16 docs)
Cheshire West and Chester,E06000050,idox,pa.cheshirewestandchester.gov.uk,https://pa.cheshirewestandchester.gov.uk/online-applications/,https://pa.cheshirewestandchester.gov.uk/online-applications/applicationDetails.do?activeTab=documents&keyVal=SYPVY3TEIQH00,auto-harvested 2026-07-01 (4 docs)
East Cambridgeshire,E07000009,idox,pa.eastcambs.gov.uk,https://pa.eastcambs.gov.uk/online-applications/,https://pa.eastcambs.gov.uk/online-applications/applicationDetails.do?activeTab=documents&keyVal=TGVGTVGGISW00,auto-harvested 2026-07-01 (7 docs)
East Lothian,,idox,pa.eastlothian.gov.uk,https://pa.eastlothian.gov.uk/online-applications/,https://pa.eastlothian.gov.uk/online-applications/applicationDetails.do?activeTab=documents&keyVal=S3QVNWGNHNZ00,auto-harvested 2026-07-01 (9 docs)
Maidstone,E07000110,idox,pa.midkent.gov.uk,https://pa.midkent.gov.uk/online-applications/,https://pa.midkent.gov.uk/online-applications/applicationDetails.do?activeTab=documents&keyVal=TFOP25TYI9V00,auto-harvested 2026-07-01 (4 docs)
Oadby and Wigston,E07000135,idox,pa.oadby-wigston.gov.uk,https://pa.oadby-wigston.gov.uk/online-applications/,https://pa.oadby-wigston.gov.uk/online-applications/applicationDetails.do?activeTab=documents&keyVal=RTRSNXMB0E500,auto-harvested 2026-07-01 (3 docs)
Harborough,E07000131,idox,pa2.harborough.gov.uk,https://pa2.harborough.gov.uk/online-applications/,https://pa2.harborough.gov.uk/online-applications/applicationDetails.do?activeTab=documents&keyVal=T9XYP8HW06O00,auto-harvested 2026-07-01 (5 docs)
Ealing,E09000009,idox,pam.ealing.gov.uk,https://pam.ealing.gov.uk/online-applications/,https://pam.ealing.gov.uk/online-applications/applicationDetails.do?activeTab=documents&keyVal=TGTSFMJMGXB00,auto-harvested 2026-07-01 (1 docs)
North East Derbyshire,E07000038,idox,planapps-online.ne-derbyshire.gov.uk,https://planapps-online.ne-derbyshire.gov.uk/online-applications/,https://planapps-online.ne-derbyshire.gov.uk/online-applications/applicationDetails.do?activeTab=documents&keyVal=RFRSSZLIN0D00,auto-harvested 2026-07-01 (10 docs)
Babergh,E07000200,idox,planning.baberghmidsuffolk.gov.uk,https://planning.baberghmidsuffolk.gov.uk/online-applications/,https://planning.baberghmidsuffolk.gov.uk/online-applications/applicationDetails.do?activeTab=documents&keyVal=TH8PH3SHKAQ00,auto-harvested 2026-07-01 (4 docs)
Basildon,E07000066,idox,planning.basildon.gov.uk|publicaccess.basildon.gov.uk,https://planning.basildon.gov.uk/online-applications/,https://planning.basildon.gov.uk/online-applications/applicationDetails.do?activeTab=documents&keyVal=SMHEUVCQ00A00,auto-harvested 2026-07-01 (2 docs)
Basingstoke and Deane,E07000084,idox,planning.basingstoke.gov.uk,https://planning.basingstoke.gov.uk/online-applications/,https://planning.basingstoke.gov.uk/online-applications/applicationDetails.do?activeTab=documents&keyVal=SZ2JFFCR09R00,auto-harvested 2026-07-01 (2 docs)
Bolsover,E07000033,idox,planning.bolsover.gov.uk|publicaccess.bolsover.gov.uk,https://planning.bolsover.gov.uk/online-applications/,https://planning.bolsover.gov.uk/online-applications/applicationDetails.do?activeTab=documents&keyVal=T0B6ZTDD09P00,auto-harvested 2026-07-01 (4 docs)
Lichfield,E07000194,idox,planning.lichfielddc.gov.uk,https://planning.lichfielddc.gov.uk/online-applications/,https://planning.lichfielddc.gov.uk/online-applications/applicationDetails.do?activeTab=documents&keyVal=SMFPX0JEKDL00,auto-harvested 2026-07-01 (19 docs)
Scarborough (now North Yorkshire),,idox,planning.scarborough.gov.uk,https://planning.scarborough.gov.uk/online-applications/,https://planning.scarborough.gov.uk/online-applications/applicationDetails.do?activeTab=documents&keyVal=QY31WBNSL7W00,auto-harvested 2026-07-01 (4 docs)
York,E06000014,idox,planningaccess.york.gov.uk,https://planningaccess.york.gov.uk/online-applications/,https://planningaccess.york.gov.uk/online-applications/applicationDetails.do?activeTab=documents&keyVal=T3VCB5SJ0GB00,auto-harvested 2026-07-01 (3 docs)
North East Lincolnshire,E06000012,idox,planninganddevelopment.nelincs.gov.uk,https://planninganddevelopment.nelincs.gov.uk/online-applications/,https://planninganddevelopment.nelincs.gov.uk/online-applications/applicationDetails.do?activeTab=documents&keyVal=SO2V4VLJ04G00,auto-harvested 2026-07-01 (46 docs)
Sheffield,E08000019,idox,planningapps.sheffield.gov.uk,https://planningapps.sheffield.gov.uk/online-applications/,https://planningapps.sheffield.gov.uk/online-applications/applicationDetails.do?activeTab=documents&keyVal=SZ18RGNYIAK00,auto-harvested 2026-07-01 (6 docs)
Winchester,E07000094,idox,planningapps.winchester.gov.uk,https://planningapps.winchester.gov.uk/online-applications/,https://planningapps.winchester.gov.uk/online-applications/applicationDetails.do?activeTab=documents&keyVal=TGIZ3BBPJUO00,auto-harvested 2026-07-01 (2 docs)
Rushcliffe,E07000176,idox,planningon-line.rushcliffe.gov.uk,https://planningon-line.rushcliffe.gov.uk/online-applications/,https://planningon-line.rushcliffe.gov.uk/online-applications/applicationDetails.do?activeTab=documents&keyVal=TDJF09NLLNI00,auto-harvested 2026-07-01 (10 docs)
North Kesteven,E07000139,idox,planningonline.n-kesteven.gov.uk,https://planningonline.n-kesteven.gov.uk/online-applications/,https://planningonline.n-kesteven.gov.uk/online-applications/applicationDetails.do?activeTab=documents&keyVal=SKB320LL04900,auto-harvested 2026-07-01 (88 docs)
Oldham,E08000004,idox,planningpa.oldham.gov.uk,https://planningpa.oldham.gov.uk/online-applications/,https://planningpa.oldham.gov.uk/online-applications/applicationDetails.do?activeTab=documents&keyVal=T5X6N0MCHA600,auto-harvested 2026-07-01 (2 docs)
Southampton,E06000045,idox,planningpublicaccess.southampton.gov.uk,https://planningpublicaccess.southampton.gov.uk/online-applications/,https://planningpublicaccess.southampton.gov.uk/online-applications/applicationDetails.do?activeTab=documents&keyVal=T7OCGUOZ0IP00,auto-harvested 2026-07-01 (13 docs)
South Downs National Park,,idox,planningpublicaccess.southdowns.gov.uk,https://planningpublicaccess.southdowns.gov.uk/online-applications/,https://planningpublicaccess.southdowns.gov.uk/online-applications/applicationDetails.do?activeTab=documents&keyVal=TFDN0DTUKU100,auto-harvested 2026-07-01 (82 docs)
Calderdale,E08000033,idox,portal.calderdale.gov.uk,https://portal.calderdale.gov.uk/online-applications/,https://portal.calderdale.gov.uk/online-applications/applicationDetails.do?activeTab=documents&keyVal=TFSO8TDWL7G00,auto-harvested 2026-07-01 (3 docs)
Oxford,E07000178,idox,public.oxford.gov.uk,https://public.oxford.gov.uk/online-applications/,https://public.oxford.gov.uk/online-applications/applicationDetails.do?activeTab=documents&keyVal=SOL85HMFFY000,auto-harvested 2026-07-01 (3 docs)
Aylesbury Vale (now Buckinghamshire),,idox,publicaccess.aylesburyvaledc.gov.uk,https://publicaccess.aylesburyvaledc.gov.uk/online-applications/,https://publicaccess.aylesburyvaledc.gov.uk/online-applications/applicationDetails.do?activeTab=documents&keyVal=SYRFIZCLN0A00,auto-harvested 2026-07-01 (6 docs)
Buckinghamshire County (legacy portal),,idox,publicaccess.buckscc.gov.uk,https://publicaccess.buckscc.gov.uk/online-applications/,https://publicaccess.buckscc.gov.uk/online-applications/applicationDetails.do?activeTab=documents&keyVal=RI59MPDS05200,auto-harvested 2026-07-01 (26 docs)
Craven (now North Yorkshire),,idox,publicaccess.cravendc.gov.uk,https://publicaccess.cravendc.gov.uk/online-applications/,https://publicaccess.cravendc.gov.uk/online-applications/applicationDetails.do?activeTab=documents&keyVal=SQQM3UFKM1M00,auto-harvested 2026-07-01 (7 docs)
County Durham,E06000047,idox,publicaccess.durham.gov.uk,https://publicaccess.durham.gov.uk/online-applications/,https://publicaccess.durham.gov.uk/online-applications/applicationDetails.do?activeTab=documents&keyVal=SYTYZAGD0BK00,auto-harvested 2026-07-01 (4 docs)
East Lindsey,E07000137,idox,publicaccess.e-lindsey.gov.uk,https://publicaccess.e-lindsey.gov.uk/online-applications/,https://publicaccess.e-lindsey.gov.uk/online-applications/applicationDetails.do?activeTab=documents&keyVal=TFSPYBGM03C00,auto-harvested 2026-07-01 (3 docs)
East Hertfordshire,E07000242,idox,publicaccess.eastherts.gov.uk,https://publicaccess.eastherts.gov.uk/online-applications/,https://publicaccess.eastherts.gov.uk/online-applications/applicationDetails.do?activeTab=documents&keyVal=TEVDGAGLKR200,auto-harvested 2026-07-01 (74 docs)
Nottingham,E06000018,idox,publicaccess.nottinghamcity.gov.uk,https://publicaccess.nottinghamcity.gov.uk/online-applications/,https://publicaccess.nottinghamcity.gov.uk/online-applications/applicationDetails.do?activeTab=documents&keyVal=SZSYC4LYJXB00,auto-harvested 2026-07-01 (2 docs)
Tunbridge Wells,E07000116,idox,twbcpa.midkent.gov.uk,https://twbcpa.midkent.gov.uk/online-applications/,https://twbcpa.midkent.gov.uk/online-applications/applicationDetails.do?activeTab=documents&keyVal=TFE9SXTYFQO00,auto-harvested 2026-07-01 (6 docs)
Test Valley,E07000093,idox,view-applications.testvalley.gov.uk,https://view-applications.testvalley.gov.uk/online-applications/,https://view-applications.testvalley.gov.uk/online-applications/applicationDetails.do?activeTab=documents&keyVal=SJ19JQQCLJY00,auto-harvested 2026-07-01 (9 docs)
Stockton-on-Tees,E06000004,idox,www.developmentmanagement.stockton.gov.uk,https://www.developmentmanagement.stockton.gov.uk/online-applications/,https://www.developmentmanagement.stockton.gov.uk/online-applications/applicationDetails.do?activeTab=documents&keyVal=S36UVMPKLNC00,auto-harvested 2026-07-01 (8 docs)
City of London,E09000001,idox,www.planning2.cityoflondon.gov.uk,https://www.planning2.cityoflondon.gov.uk/online-applications/,https://www.planning2.cityoflondon.gov.uk/online-applications/applicationDetails.do?activeTab=documents&keyVal=TH4YU8FHIE000,auto-harvested 2026-07-01 (5 docs)
Three Rivers,E07000102,idox,www3.threerivers.gov.uk,https://www3.threerivers.gov.uk/online-applications/,https://www3.threerivers.gov.uk/online-applications/applicationDetails.do?activeTab=documents&keyVal=TFOKMVQFL7X00,auto-harvested 2026-07-01 (5 docs)
Hertsmere,E07000098,idox,www6.hertsmere.gov.uk,https://www6.hertsmere.gov.uk/online-applications/,https://www6.hertsmere.gov.uk/online-applications/applicationDetails.do?activeTab=documents&keyVal=TB2GSJIFKV100,auto-harvested 2026-07-01 (8 docs)
Tamworth,E07000199,civica_w2,planning.tamworth.gov.uk,https://planning.tamworth.gov.uk/Planning/,https://planning.tamworth.gov.uk/Planning/dialog.page?org.apache.shale.dialog.DIALOG_NAME=gfplanningsearch&Param=lg.Planning&SDescription=0129/2026&viewdocs=true,Civica W2 docs behind NEC Planning Explorer search; verified live 2026-07-01 (3 docs)
Blackburn with Darwen,E06000008,northgate,planningdms-live.blackburn.gov.uk|planning.blackburn.gov.uk,http://planningdms-live.blackburn.gov.uk/PublicAccess_LIVE/,http://planningdms-live.blackburn.gov.uk/PublicAccess_LIVE//SearchResult/RunThirdPartySearch?FileSystemId=EN&FOLDER1_REF=10/26/0480,"NEC docs server is http-only (https 404s). On Planning Explorer, docs URL is the 'Documents for Applications registered on or after 1st May 2018' link. US-format dates (added 2026-07-02)"
Lincoln,E07000138,idox,planning.lincoln.gov.uk,https://planning.lincoln.gov.uk/online-applications/,https://planning.lincoln.gov.uk/online-applications/applicationDetails.do?activeTab=documents&keyVal=THHRJ4JF00L00,auto-harvested 2026-07-02 (3 docs)
Westminster,E09000033,idox,idoxpa.westminster.gov.uk,https://idoxpa.westminster.gov.uk/online-applications/,https://idoxpa.westminster.gov.uk/online-applications/applicationDetails.do?activeTab=documents&keyVal=THHJPNRPFHU00,auto-harvested 2026-07-02 (3 docs)
North Tyneside,E08000022,idox,idoxpublicaccess.northtyneside.gov.uk,https://idoxpublicaccess.northtyneside.gov.uk/online-applications/,https://idoxpublicaccess.northtyneside.gov.uk/online-applications/applicationDetails.do?activeTab=documents&keyVal=TF8HL7BH0QG00,auto-harvested 2026-07-02 (5 docs)
Gedling,E07000173,idox,pawam.gedling.gov.uk,https://pawam.gedling.gov.uk/online-applications/,https://pawam.gedling.gov.uk/online-applications/applicationDetails.do?activeTab=documents&keyVal=TGVC8LHLFM300,auto-harvested 2026-07-02 (6 docs)
Enfield,E09000010,idox,planningandbuildingcontrol.enfield.gov.uk,https://planningandbuildingcontrol.enfield.gov.uk/online-applications/,https://planningandbuildingcontrol.enfield.gov.uk/online-applications/applicationDetails.do?activeTab=documents&keyVal=TF18IXJNLSD00,auto-harvested 2026-07-02 (8 docs)
Harlow,E07000073,idox,planningonline.harlow.gov.uk,https://planningonline.harlow.gov.uk/online-applications/,https://planningonline.harlow.gov.uk/online-applications/applicationDetails.do?activeTab=documents&keyVal=TDA46RHXH2J00,auto-harvested 2026-07-02 (19 docs)
Torfaen (Wales),,idox,planningonline.torfaen.gov.uk,https://planningonline.torfaen.gov.uk/online-applications/,https://planningonline.torfaen.gov.uk/online-applications/applicationDetails.do?activeTab=documents&keyVal=ZZZZZ7QJSK178,auto-harvested 2026-07-02 (2 docs)
Swansea (Wales),,idox,property.swansea.gov.uk,https://property.swansea.gov.uk/online-applications/,https://property.swansea.gov.uk/online-applications/applicationDetails.do?activeTab=documents&keyVal=THHP2QEVLPA00,auto-harvested 2026-07-02 (7 docs)
Hammersmith and Fulham,E09000013,idox,public-access.lbhf.gov.uk,https://public-access.lbhf.gov.uk/online-applications/,https://public-access.lbhf.gov.uk/online-applications/applicationDetails.do?activeTab=documents&keyVal=TACRM4BIJ0E00,auto-harvested 2026-07-02 (7 docs)
South Ribble,E07000126,idox,publicaccess.southribble.gov.uk,https://publicaccess.southribble.gov.uk/online-applications/,https://publicaccess.southribble.gov.uk/online-applications/applicationDetails.do?activeTab=documents&keyVal=TH54DBOTI3G00,auto-harvested 2026-07-02 (8 docs)
St. Helens,E08000013,idox,publicaccess.sthelens.gov.uk,https://publicaccess.sthelens.gov.uk/online-applications/,https://publicaccess.sthelens.gov.uk/online-applications/applicationDetails.do?activeTab=documents&keyVal=THFQD5PEK8100,auto-harvested 2026-07-02 (44 docs)
Torridge,E07000046,idox,publicaccess.torridge.gov.uk,https://publicaccess.torridge.gov.uk/online-applications/,https://publicaccess.torridge.gov.uk/online-applications/applicationDetails.do?activeTab=documents&keyVal=THGFEEQKJK500,auto-harvested 2026-07-02 (4 docs)
Thurrock,E06000034,idox,regs.thurrock.gov.uk,https://regs.thurrock.gov.uk/online-applications/,https://regs.thurrock.gov.uk/online-applications/applicationDetails.do?activeTab=documents&keyVal=TCGOFJQGKZC00,auto-harvested 2026-07-02 (22 docs)
South Staffordshire,E07000196,idox,planning.sstaffs.gov.uk,https://planning.sstaffs.gov.uk/online-applications/,https://planning.sstaffs.gov.uk/online-applications/applicationDetails.do?activeTab=documents&keyVal=TDL4CIOX0D800,auto-harvested 2026-07-02 (8 docs)
West Lancashire,E07000127,idox,pa.westlancs.gov.uk,https://pa.westlancs.gov.uk/online-applications/,https://pa.westlancs.gov.uk/online-applications/applicationDetails.do?activeTab=documents&keyVal=THHI7TRHKAY00,auto-harvested 2026-07-02 (2 docs)
Solihull,E08000029,idox,publicaccess.solihull.gov.uk,https://publicaccess.solihull.gov.uk/online-applications/,https://publicaccess.solihull.gov.uk/online-applications/applicationDetails.do?activeTab=documents&keyVal=THE6PEOEKNM00,auto-harvested 2026-07-02 (5 docs)
